ID_Operacion,ID_Cliente,Nombre,Apellido,Entrega_ext,Planta_Ext,Producto_ID,Producto_ext,Cantidad_items,Precio_item,Ticket_sin_desc,Descuento_cantidad,Ticket_total,ID_Vendedor,Nombre_Vendedor,Reclamo,Satisfacción_puntaje
2354,344389,Kevin,Friedman,Total Transporte Group SA,"Cordoba, Argentina",1,Lapiceras Primera Logo 50u,5,2500,12500,"0,1",11250,6,IsabelJuarez,No,8
2355,457006,Rodrigo,Balerdi,Retiro en Planta,"Cordoba, Argentina",2,Lapiceras Primera Logo 100u,2,4800,9600,0,9600,5,GuillerminaHidalgo,No,6
2356,510749,Elizabeth,Maldonado,Correos Comerciales SA,"Cordoba, Argentina",4,Lapiceras Segunda Logo 100u,5,3500,17500,"0,1",15750,1,PlataformaWeb,No,7
2357,793042,Brian,Voronezh,Otros,"Viedma, Argentina",1,Lapiceras Primera Logo 50u,4,2500,10000,"0,1",9000,9,OmarPerez,No,6
2358,671318,Francisco,Cruz,Mensajeria Caminos Totales,"Cordoba, Argentina",6,Banner B,3,7500,22500,0,22500,6,IsabelJuarez,No,10
2359,436330,Antonini,Acerbi,Correos Comerciales SA,"La Plata, Argentina",2,Lapiceras Primera Logo 100u,3,4800,14400,0,14400,1,PlataformaWeb,No,8
2360,593496,Ailen,Castro,Otros,"Cordoba, Argentina",6,Banner B,2,7500,15000,0,15000,5,GuillerminaHidalgo,No,6
2361,668204,Isaiah,Medina,Otros,"La Plata, Argentina",11,Ordenador 10u,4,3500,14000,"0,1",12600,4,EstebanFilloy,No,9
2362,464915,Joaquin,Estrada,Otros,"Mendoza, Argentina",3,Lapiceras Segunda Logo 50u,1,2000,2000,0,2000,1,PlataformaWeb,No,6
2363,662212,Magalí,Gramajo,Correos Comerciales SA,"Cordoba, Argentina",1,Lapiceras Primera Logo 50u,4,2500,10000,"0,1",9000,5,GuillerminaHidalgo,No,7
2364,333227,Robert,Pizarro,Correos Comerciales SA,"La Plata, Argentina",4,Lapiceras Segunda Logo 100u,1,3500,3500,0,3500,4,EstebanFilloy,No,6
2365,426541,Matías,Lacarra,Retiro en Planta,"La Plata, Argentina",2,Lapiceras Primera Logo 100u,2,4800,9600,0,9600,1,PlataformaWeb,No,8
2366,353559,Camila,Paez,Retiro en Planta,"Viedma, Argentina",7,Banner C,4,15000,60000,"0,1",54000,9,OmarPerez,No,9
2367,649285,Bárbara,Azarte,Correos Comerciales SA,"Viedma, Argentina",12,Ordenador 30u,2,10000,20000,0,20000,10,RominaSevilla,No,10
2368,718319,Jose,Asciutti,Retiro en Planta,"Viedma, Argentina",7,Banner C,1,15000,15000,0,15000,1,PlataformaWeb,No,7
2369,545726,Luz Milena,Aliaga,Total Transporte Group SA,"La Plata, Argentina",3,Lapiceras Segunda Logo 50u,4,2000,8000,"0,1",7200,2,AntonellaBenavidez,No,6
2370,350628,Mabel Victoria,Argañaraz,Retiro en Planta,"La Plata, Argentina",9,Totem B,4,4500,18000,"0,1",16200,2,AntonellaBenavidez,No,7
2371,444851,Aldana,Saint ignan,Otros,"Viedma, Argentina",7,Banner C,4,15000,60000,"0,1",54000,1,PlataformaWeb,Si,1
2372,365883,Maximiliano,Vargas,Total Transporte Group SA,"Mendoza, Argentina",2,Lapiceras Primera Logo 100u,1,4800,4800,0,4800,8,MiriamNuñes,No,8
2373,389210,Laura,Soria,Mensajeria Caminos Totales,"La Plata, Argentina",3,Lapiceras Segunda Logo 50u,4,2000,8000,"0,1",7200,3,CarlaDiaz,No,8
2374,516651,Gianina Carolina,Askenzi,Otros,"Mendoza, Argentina",1,Lapiceras Primera Logo 50u,4,2500,10000,"0,1",9000,1,PlataformaWeb,No,7
2375,488814,Franklin,Soria,Mensajeria Caminos Totales,"Cordoba, Argentina",1,Lapiceras Primera Logo 50u,4,2500,10000,"0,1",9000,5,GuillerminaHidalgo,No,5
2376,333192,Nahuel,Caminos,Retiro en Planta,"Mendoza, Argentina",2,Lapiceras Primera Logo 100u,3,4800,14400,0,14400,7,KarinaLugones,No,10
2377,510580,Florencia,Dominguez,Total Transporte Group SA,"Cordoba, Argentina",4,Lapiceras Segunda Logo 100u,3,3500,10500,0,10500,1,PlataformaWeb,No,8
2378,567239,René,Rosa Fernandez,Mensajeria Caminos Totales,"Mendoza, Argentina",3,Lapiceras Segunda Logo 50u,5,2000,10000,"0,1",9000,8,MiriamNuñes,No,6
2379,712080,Micaela,Obrero,Otros,"Viedma, Argentina",1,Lapiceras Primera Logo 50u,5,2500,12500,"0,1",11250,10,RominaSevilla,No,5
2380,529838,Rocio,Medrano Flores,Retiro en Planta,"La Plata, Argentina",10,Totem C,1,7500,7500,0,7500,3,CarlaDiaz,No,6
2381,418451,Camila,Rodriguez,Mensajeria Caminos Totales,"Mendoza, Argentina",2,Lapiceras Primera Logo 100u,3,4800,14400,0,14400,1,PlataformaWeb,No,9
2382,578773,Eliana,Ramirez,Otros,"Cordoba, Argentina",1,Lapiceras Primera Logo 50u,2,2500,5000,0,5000,6,IsabelJuarez,No,8
2383,393211,Stephanie,Ferreyra,Total Transporte Group SA,"La Plata, Argentina",3,Lapiceras Segunda Logo 50u,3,2000,6000,0,6000,2,AntonellaBenavidez,No,7
2384,765938,María Florencia,Weigandt,Otros,"Mendoza, Argentina",2,Lapiceras Primera Logo 100u,4,4800,19200,"0,1",17280,8,MiriamNuñes,No,7
2385,521331,Alessandro,Cruz,Otros,"La Plata, Argentina",1,Lapiceras Primera Logo 50u,2,2500,5000,0,5000,1,PlataformaWeb,No,7
2386,666568,David,Pacheco,Otros,"La Plata, Argentina",9,Totem B,3,4500,13500,0,13500,2,AntonellaBenavidez,No,5
2387,681677,Romina lucía,Meraviglia,Total Transporte Group SA,"La Plata, Argentina",5,Banner A,2,5000,10000,0,10000,4,EstebanFilloy,No,9
2388,693397,Melissa,gomes,Retiro en Planta,"Viedma, Argentina",2,Lapiceras Primera Logo 100u,3,4800,14400,0,14400,10,RominaSevilla,No,7
2389,772997,Gisela,Ayala Machuca,Retiro en Planta,"Viedma, Argentina",12,Ordenador 30u,5,10000,50000,"0,1",45000,1,PlataformaWeb,Si,1
2390,448377,Giselle Melisa,Gómez,Otros,"Mendoza, Argentina",12,Ordenador 30u,4,10000,40000,"0,1",36000,8,MiriamNuñes,No,9
2391,705700,Leonardo Brian,Mendoza,Total Transporte Group SA,"Viedma, Argentina",12,Ordenador 30u,4,10000,40000,"0,1",36000,9,OmarPerez,No,6
2392,490635,Belén,Guerrero,Otros,"Mendoza, Argentina",9,Totem B,4,4500,18000,"0,1",16200,8,MiriamNuñes,No,5
2393,606661,Lucas,Banegas,Mensajeria Caminos Totales,"La Plata, Argentina",5,Banner A,1,5000,5000,0,5000,1,PlataformaWeb,No,7
2394,584592,Mora,Silvero,Correos Comerciales SA,"Mendoza, Argentina",6,Banner B,5,7500,37500,"0,1",33750,7,KarinaLugones,No,7
2395,616901,Marlon,Rodriguez,Mensajeria Caminos Totales,"La Plata, Argentina",1,Lapiceras Primera Logo 50u,1,2500,2500,0,2500,4,EstebanFilloy,No,6
2396,629729,Aldana,Oviedo,Correos Comerciales SA,"La Plata, Argentina",8,Totem A,2,3000,6000,0,6000,3,CarlaDiaz,No,7
2397,619714,Maria Soledad,Cabrera,Otros,"Viedma, Argentina",9,Totem B,5,4500,22500,"0,1",20250,1,PlataformaWeb,No,8
2398,475392,Federico,Gimenez,Correos Comerciales SA,"La Plata, Argentina",2,Lapiceras Primera Logo 100u,1,4800,4800,0,4800,4,EstebanFilloy,No,5
2399,342098,Johana mayra,Tobares,Otros,"Cordoba, Argentina",8,Totem A,4,3000,12000,"0,1",10800,6,IsabelJuarez,No,6
2400,701752,Nicolas,Huerta,Otros,"La Plata, Argentina",1,Lapiceras Primera Logo 50u,1,2500,2500,0,2500,3,CarlaDiaz,No,10
2401,559813,Alejandro Santiago,Nunes,Total Transporte Group SA,"Mendoza, Argentina",2,Lapiceras Primera Logo 100u,1,4800,4800,0,4800,1,PlataformaWeb,No,5
2402,404949,Jessica Noemi,Gigena,Correos Comerciales SA,"La Plata, Argentina",3,Lapiceras Segunda Logo 50u,3,2000,6000,0,6000,2,AntonellaBenavidez,No,7
2403,507902,Maryeskin,Alves,Retiro en Planta,"Viedma, Argentina",4,Lapiceras Segunda Logo 100u,4,3500,14000,"0,1",12600,9,OmarPerez,No,6
2404,665965,Lucas,Yanama,Retiro en Planta,"La Plata, Argentina",1,Lapiceras Primera Logo 50u,1,2500,2500,0,2500,1,PlataformaWeb,Si,1
2405,574195,Debora Ayelen,Suarez,Correos Comerciales SA,"Mendoza, Argentina",10,Totem C,2,7500,15000,0,15000,7,KarinaLugones,No,10
2406,338730,Mayra Johanna,Quintana,Correos Comerciales SA,"La Plata, Argentina",1,Lapiceras Primera Logo 50u,3,2500,7500,0,7500,2,AntonellaBenavidez,No,5
2407,488545,Yussef,Coria,Correos Comerciales SA,"Cordoba, Argentina",4,Lapiceras Segunda Logo 100u,4,3500,14000,"0,1",12600,5,GuillerminaHidalgo,No,9
2408,316763,Dennis,Masci,Correos Comerciales SA,"Mendoza, Argentina",4,Lapiceras Segunda Logo 100u,3,3500,10500,0,10500,1,PlataformaWeb,No,10
2409,462602,Johana,Young,Otros,"Cordoba, Argentina",1,Lapiceras Primera Logo 50u,3,2500,7500,0,7500,1,PlataformaWeb,No,6
2410,641018,Gisela,Fernandez,Otros,"Viedma, Argentina",10,Totem C,5,7500,37500,"0,1",33750,10,RominaSevilla,No,8
2411,671868,Florencia,Carrillo,Retiro en Planta,"Viedma, Argentina",8,Totem A,5,3000,15000,"0,1",13500,9,OmarPerez,No,6
2412,669728,Micaela Aylen,Chaile,Mensajeria Caminos Totales,"Viedma, Argentina",3,Lapiceras Segunda Logo 50u,3,2000,6000,0,6000,10,RominaSevilla,No,5
2413,622706,Keila,Lobos,Total Transporte Group SA,"Cordoba, Argentina",6,Banner B,2,7500,15000,0,15000,1,PlataformaWeb,No,8
2414,729963,Iara,Caro,Correos Comerciales SA,"Cordoba, Argentina",10,Totem C,3,7500,22500,0,22500,6,IsabelJuarez,No,8
2415,342372,Micaela Jocelyn,Viba,Total Transporte Group SA,"La Plata, Argentina",2,Lapiceras Primera Logo 100u,2,4800,9600,0,9600,2,AntonellaBenavidez,Si,3
2416,583838,Daiana Ayelen,Pereira,Total Transporte Group SA,"Mendoza, Argentina",4,Lapiceras Segunda Logo 100u,1,3500,3500,0,3500,8,MiriamNuñes,No,6
2417,380086,Leandro,Soria,Total Transporte Group SA,"Viedma, Argentina",4,Lapiceras Segunda Logo 100u,4,3500,14000,"0,1",12600,10,RominaSevilla,No,10
2418,768771,Yanina Sol,Ferreira,Mensajeria Caminos Totales,"Cordoba, Argentina",3,Lapiceras Segunda Logo 50u,1,2000,2000,0,2000,1,PlataformaWeb,No,5
2419,604971,Erika Belen,Centurion,Mensajeria Caminos Totales,"La Plata, Argentina",2,Lapiceras Primera Logo 100u,5,4800,24000,"0,1",21600,2,AntonellaBenavidez,No,5
2420,519893,Emanuel Maximiliano,Velazquez,Correos Comerciales SA,"Mendoza, Argentina",5,Banner A,4,5000,20000,"0,1",18000,7,KarinaLugones,No,5
2421,493945,Maria,Czaya,Total Transporte Group SA,"La Plata, Argentina",4,Lapiceras Segunda Logo 100u,4,3500,14000,"0,1",12600,3,CarlaDiaz,No,7
2422,464857,María Joaquina,Dorrego,Mensajeria Caminos Totales,"Cordoba, Argentina",8,Totem A,1,3000,3000,0,3000,6,IsabelJuarez,No,6
2423,697118,bernardita,Robles,Otros,"La Plata, Argentina",4,Lapiceras Segunda Logo 100u,4,3500,14000,"0,1",12600,4,EstebanFilloy,No,10
2424,396564,tomas manuel,Ortiz ifran,Retiro en Planta,"Mendoza, Argentina",4,Lapiceras Segunda Logo 100u,5,3500,17500,"0,1",15750,7,KarinaLugones,No,8
2425,698269,Brenda,López,Retiro en Planta,"Cordoba, Argentina",5,Banner A,4,5000,20000,"0,1",18000,1,PlataformaWeb,No,9
2426,388421,Leandro Matias,Juarez,Mensajeria Caminos Totales,"Mendoza, Argentina",1,Lapiceras Primera Logo 50u,5,2500,12500,"0,1",11250,7,KarinaLugones,No,6
2427,495122,Rocío sol,Lombardo,Retiro en Planta,"La Plata, Argentina",4,Lapiceras Segunda Logo 100u,2,3500,7000,0,7000,3,CarlaDiaz,No,9
2428,630063,Franco,Vaccarini,Correos Comerciales SA,"Cordoba, Argentina",12,Ordenador 30u,1,10000,10000,0,10000,6,IsabelJuarez,No,9
2429,740724,Melanie,Garay,Total Transporte Group SA,"Mendoza, Argentina",5,Banner A,3,5000,15000,0,15000,7,KarinaLugones,No,7
2430,590502,Camila,Amato,Correos Comerciales SA,"Viedma, Argentina",2,Lapiceras Primera Logo 100u,5,4800,24000,"0,1",21600,1,PlataformaWeb,No,7
2431,558996,Rocío Victoria,Pastor,Retiro en Planta,"Viedma, Argentina",3,Lapiceras Segunda Logo 50u,1,2000,2000,0,2000,9,OmarPerez,Si,1
2432,705981,Mariano Iván,Tapia Gómez,Retiro en Planta,"Cordoba, Argentina",5,Banner A,5,5000,25000,"0,1",22500,6,IsabelJuarez,No,7
2433,574231,Micaela,Vasquez Medina,Correos Comerciales SA,"Cordoba, Argentina",10,Totem C,5,7500,37500,"0,1",33750,5,GuillerminaHidalgo,No,9
2434,441963,Leonardo,Morales,Total Transporte Group SA,"Mendoza, Argentina",10,Totem C,1,7500,7500,0,7500,8,MiriamNuñes,No,5
2435,410324,Emilio,Gonzalez,Total Transporte Group SA,"La Plata, Argentina",1,Lapiceras Primera Logo 50u,4,2500,10000,"0,1",9000,3,CarlaDiaz,No,7
2436,658091,Leandro Manuel,Reynoso,Otros,"La Plata, Argentina",1,Lapiceras Primera Logo 50u,5,2500,12500,"0,1",11250,1,PlataformaWeb,No,10
2437,681077,Johanna Yamila,Unzurrunzaga,Retiro en Planta,"Mendoza, Argentina",5,Banner A,5,5000,25000,"0,1",22500,7,KarinaLugones,No,7
2438,714468,Ximena Cielo,Balcázar,Correos Comerciales SA,"La Plata, Argentina",2,Lapiceras Primera Logo 100u,5,4800,24000,"0,1",21600,2,AntonellaBenavidez,No,9
2439,404711,juan jose,Sardine,Total Transporte Group SA,"La Plata, Argentina",3,Lapiceras Segunda Logo 50u,5,2000,10000,"0,1",9000,2,AntonellaBenavidez,No,9
2440,639685,Milagros,Ledesma,Otros,"Viedma, Argentina",1,Lapiceras Primera Logo 50u,2,2500,5000,0,5000,10,RominaSevilla,No,8
2441,352944,Lucia,Saavedra arando,Otros,"Viedma, Argentina",4,Lapiceras Segunda Logo 100u,4,3500,14000,"0,1",12600,1,PlataformaWeb,No,8
2442,314155,Rocio,Bagnuoli,Retiro en Planta,"Cordoba, Argentina",11,Ordenador 10u,3,3500,10500,0,10500,6,IsabelJuarez,No,9
2443,566495,Marilyn,Dalmedo,Otros,"La Plata, Argentina",3,Lapiceras Segunda Logo 50u,3,2000,6000,0,6000,2,AntonellaBenavidez,Si,1
2444,788183,Florencia Belen,Guzman,Retiro en Planta,"Viedma, Argentina",1,Lapiceras Primera Logo 50u,5,2500,12500,"0,1",11250,1,PlataformaWeb,No,10
2445,360327,María Soledad,Meza,Retiro en Planta,"La Plata, Argentina",2,Lapiceras Primera Logo 100u,1,4800,4800,0,4800,2,AntonellaBenavidez,No,8
2446,636037,Carolina,Vyhocki,Correos Comerciales SA,"La Plata, Argentina",11,Ordenador 10u,4,3500,14000,"0,1",12600,4,EstebanFilloy,No,5
2447,720692,Magdalena,Moreno,Retiro en Planta,"Cordoba, Argentina",1,Lapiceras Primera Logo 50u,1,2500,2500,0,2500,6,IsabelJuarez,No,10
2448,740442,Julieta Belen,Barrios,Total Transporte Group SA,"Cordoba, Argentina",4,Lapiceras Segunda Logo 100u,1,3500,3500,0,3500,6,IsabelJuarez,No,6
2449,530030,Matías,Ramos,Total Transporte Group SA,"La Plata, Argentina",2,Lapiceras Primera Logo 100u,3,4800,14400,0,14400,4,EstebanFilloy,No,10
2450,770812,Micaela,Montani,Correos Comerciales SA,"Cordoba, Argentina",3,Lapiceras Segunda Logo 50u,4,2000,8000,"0,1",7200,6,IsabelJuarez,No,9
2451,552304,lucero,Lobelos Cabrera,Total Transporte Group SA,"Mendoza, Argentina",11,Ordenador 10u,4,3500,14000,"0,1",12600,7,KarinaLugones,No,7
2452,644638,Daniela,Porrini,Otros,"La Plata, Argentina",11,Ordenador 10u,4,3500,14000,"0,1",12600,3,CarlaDiaz,No,8
2453,432650,Alejandra,Rojas,Retiro en Planta,"Viedma, Argentina",7,Banner C,1,15000,15000,0,15000,10,RominaSevilla,No,5
2454,612340,Trevor,Medina,Retiro en Planta,"La Plata, Argentina",4,Lapiceras Segunda Logo 100u,3,3500,10500,0,10500,1,PlataformaWeb,No,7
2455,310420,Josué,Romero,Retiro en Planta,"La Plata, Argentina",8,Totem A,2,3000,6000,0,6000,2,AntonellaBenavidez,No,5
2456,413313,Candelaria Lujan,Albarracin,Retiro en Planta,"Cordoba, Argentina",12,Ordenador 30u,5,10000,50000,"0,1",45000,5,GuillerminaHidalgo,No,10
2457,625120,Maria auxiliadora,Maffeo,Correos Comerciales SA,"Cordoba, Argentina",7,Banner C,2,15000,30000,0,30000,6,IsabelJuarez,Si,1
2458,674689,Lina marcela,Amaro Gonzalez,Total Transporte Group SA,"Cordoba, Argentina",4,Lapiceras Segunda Logo 100u,2,3500,7000,0,7000,5,GuillerminaHidalgo,No,6
2459,775707,Diana Sabrina,Nima Acaro,Mensajeria Caminos Totales,"La Plata, Argentina",7,Banner C,5,15000,75000,"0,1",67500,4,EstebanFilloy,No,5
2460,383164,Selene,Benitez,Retiro en Planta,"Viedma, Argentina",7,Banner C,4,15000,60000,"0,1",54000,9,OmarPerez,No,8
2461,434497,Paula,Salum,Retiro en Planta,"Mendoza, Argentina",11,Ordenador 10u,5,3500,17500,"0,1",15750,8,MiriamNuñes,No,10
2462,564397,Valeria,Cruz Balmaceda,Total Transporte Group SA,"Cordoba, Argentina",5,Banner A,1,5000,5000,0,5000,6,IsabelJuarez,No,9
2463,348108,Ezequiel,Aragón,Total Transporte Group SA,"Cordoba, Argentina",8,Totem A,4,3000,12000,"0,1",10800,5,GuillerminaHidalgo,No,9
2464,537340,Sofia,Córdova,Otros,"Viedma, Argentina",3,Lapiceras Segunda Logo 50u,2,2000,4000,0,4000,10,RominaSevilla,No,9
2465,381096,Federico,Barrionuevo,Total Transporte Group SA,"Cordoba, Argentina",6,Banner B,3,7500,22500,0,22500,5,GuillerminaHidalgo,No,9
2466,511141,Nicolas,Ramos vasquez,Retiro en Planta,"Viedma, Argentina",10,Totem C,3,7500,22500,0,22500,10,RominaSevilla,No,6
2467,718252,Ayelen Fernanda,Ruiz díaz,Total Transporte Group SA,"La Plata, Argentina",4,Lapiceras Segunda Logo 100u,3,3500,10500,0,10500,3,CarlaDiaz,No,5
2468,408795,Alejandra,Barrios,Correos Comerciales SA,"Viedma, Argentina",6,Banner B,3,7500,22500,0,22500,9,OmarPerez,No,10
2469,537238,Karen rocio,Barbosa,Total Transporte Group SA,"Mendoza, Argentina",10,Totem C,2,7500,15000,0,15000,7,KarinaLugones,No,9
2470,538008,Juan,Da Rosa,Retiro en Planta,"Viedma, Argentina",2,Lapiceras Primera Logo 100u,1,4800,4800,0,4800,9,OmarPerez,Si,1
2471,670521,Laura,Sánchez,Retiro en Planta,"Viedma, Argentina",9,Totem B,4,4500,18000,"0,1",16200,9,OmarPerez,No,8
2472,384435,Nahuel Sebastian,Brunetto,Mensajeria Caminos Totales,"Mendoza, Argentina",11,Ordenador 10u,5,3500,17500,"0,1",15750,1,PlataformaWeb,No,7
2473,754531,Ivonny milenka,Gonzalez,Otros,"Viedma, Argentina",4,Lapiceras Segunda Logo 100u,1,3500,3500,0,3500,10,RominaSevilla,No,10
2474,329000,Cecilia,Rapusse,Correos Comerciales SA,"La Plata, Argentina",8,Totem A,3,3000,9000,0,9000,4,EstebanFilloy,No,7
2475,448168,Guillermo Federico,Cáceres,Total Transporte Group SA,"Cordoba, Argentina",6,Banner B,3,7500,22500,0,22500,5,GuillerminaHidalgo,No,6
2476,586107,Tania Nair,Rios,Otros,"Mendoza, Argentina",2,Lapiceras Primera Logo 100u,5,4800,24000,"0,1",21600,7,KarinaLugones,No,8
2477,473268,Agustina,Artaza,Total Transporte Group SA,"Viedma, Argentina",5,Banner A,5,5000,25000,"0,1",22500,10,RominaSevilla,No,6
2478,556866,Elizabeth,Zdanovich,Correos Comerciales SA,"Viedma, Argentina",1,Lapiceras Primera Logo 50u,2,2500,5000,0,5000,9,OmarPerez,No,6
2479,473123,Flavia Natividad,Guacci,Total Transporte Group SA,"Cordoba, Argentina",4,Lapiceras Segunda Logo 100u,2,3500,7000,0,7000,6,IsabelJuarez,No,9
2480,486338,Cristian Nicolas,Bravo,Otros,"Cordoba, Argentina",5,Banner A,2,5000,10000,0,10000,5,GuillerminaHidalgo,No,7
2481,601191,Silvia Leticia,gomez,Total Transporte Group SA,"Viedma, Argentina",3,Lapiceras Segunda Logo 50u,4,2000,8000,"0,1",7200,9,OmarPerez,No,10
2482,309660,Nazareno,Castro,Correos Comerciales SA,"Mendoza, Argentina",9,Totem B,1,4500,4500,0,4500,1,PlataformaWeb,No,10
2483,685958,Guido,Soliz,Total Transporte Group SA,"Mendoza, Argentina",11,Ordenador 10u,3,3500,10500,0,10500,7,KarinaLugones,No,8
2484,547483,Karen cecilia,Milosevic,Total Transporte Group SA,"Mendoza, Argentina",4,Lapiceras Segunda Logo 100u,2,3500,7000,0,7000,8,MiriamNuñes,No,10
2485,311451,Ivonne Macarena Belén,Chacon,Retiro en Planta,"Mendoza, Argentina",4,Lapiceras Segunda Logo 100u,4,3500,14000,"0,1",12600,1,PlataformaWeb,No,7
2486,553512,Celso Angel,Coronel,Correos Comerciales SA,"Mendoza, Argentina",11,Ordenador 10u,4,3500,14000,"0,1",12600,8,MiriamNuñes,Si,3
2487,631749,Maria Belen,Maza,Retiro en Planta,"La Plata, Argentina",10,Totem C,5,7500,37500,"0,1",33750,3,CarlaDiaz,No,8
2488,794617,Gonzalo,Cuevas,Otros,"Viedma, Argentina",5,Banner A,5,5000,25000,"0,1",22500,10,RominaSevilla,No,7
2489,395407,Celeste,Veron,Total Transporte Group SA,"La Plata, Argentina",11,Ordenador 10u,5,3500,17500,"0,1",15750,4,EstebanFilloy,No,7
2490,797718,Cristian,Mansilla,Otros,"La Plata, Argentina",1,Lapiceras Primera Logo 50u,1,2500,2500,0,2500,1,PlataformaWeb,No,7
2491,587801,Teodoro Ismael,Velazquez,Otros,"Viedma, Argentina",2,Lapiceras Primera Logo 100u,4,4800,19200,"0,1",17280,10,RominaSevilla,No,8
2492,496639,Franco,Villarroel,Correos Comerciales SA,"La Plata, Argentina",10,Totem C,5,7500,37500,"0,1",33750,4,EstebanFilloy,No,9
2493,495953,Daniela Lucia,Natalini,Retiro en Planta,"Viedma, Argentina",2,Lapiceras Primera Logo 100u,2,4800,9600,0,9600,10,RominaSevilla,No,7
2494,606983,Jeremias,Tessio,Total Transporte Group SA,"Mendoza, Argentina",4,Lapiceras Segunda Logo 100u,4,3500,14000,"0,1",12600,8,MiriamNuñes,No,5
2495,378519,Rocio,Remache,Otros,"La Plata, Argentina",4,Lapiceras Segunda Logo 100u,1,3500,3500,0,3500,4,EstebanFilloy,No,8
2496,438156,Bruno,Gianella,Mensajeria Caminos Totales,"Mendoza, Argentina",9,Totem B,5,4500,22500,"0,1",20250,8,MiriamNuñes,No,9
2497,551444,Natalia,Gordillo,Retiro en Planta,"Cordoba, Argentina",3,Lapiceras Segunda Logo 50u,3,2000,6000,0,6000,5,GuillerminaHidalgo,No,8
2498,437490,Matias,Ordoñez,Otros,"Cordoba, Argentina",1,Lapiceras Primera Logo 50u,5,2500,12500,"0,1",11250,1,PlataformaWeb,Si,4
2499,316544,Estefania,Ledesma,Otros,"Cordoba, Argentina",2,Lapiceras Primera Logo 100u,3,4800,14400,0,14400,6,IsabelJuarez,No,6
2500,554822,Jennifer,Herrera,Mensajeria Caminos Totales,"Cordoba, Argentina",8,Totem A,4,3000,12000,"0,1",10800,5,GuillerminaHidalgo,No,5
2501,769578,Mayra Antonella,Rosende,Mensajeria Caminos Totales,"Mendoza, Argentina",2,Lapiceras Primera Logo 100u,4,4800,19200,"0,1",17280,7,KarinaLugones,No,7
2502,506616,Juliana Sofía,Argañaraz,Correos Comerciales SA,"Viedma, Argentina",1,Lapiceras Primera Logo 50u,5,2500,12500,"0,1",11250,9,OmarPerez,No,8
2503,660298,Florencia,Montenegro,Retiro en Planta,"Cordoba, Argentina",2,Lapiceras Primera Logo 100u,5,4800,24000,"0,1",21600,6,IsabelJuarez,No,6
2504,417903,Daiana Carla,Avila,Mensajeria Caminos Totales,"La Plata, Argentina",2,Lapiceras Primera Logo 100u,5,4800,24000,"0,1",21600,4,EstebanFilloy,No,8
2505,481888,Esteban,Lucchesi,Mensajeria Caminos Totales,"Cordoba, Argentina",8,Totem A,1,3000,3000,0,3000,1,PlataformaWeb,Si,5
2506,776500,alejandra,Saraiva,Retiro en Planta,"Mendoza, Argentina",11,Ordenador 10u,4,3500,14000,"0,1",12600,7,KarinaLugones,No,9
2507,747780,Ariadna,Fariña,Correos Comerciales SA,"Mendoza, Argentina",5,Banner A,3,5000,15000,0,15000,7,KarinaLugones,No,8
2508,322286,Macarena belen,Nasso,Mensajeria Caminos Totales,"Viedma, Argentina",11,Ordenador 10u,3,3500,10500,0,10500,9,OmarPerez,No,7
2509,674718,Jennifer,Martinez,Correos Comerciales SA,"Viedma, Argentina",4,Lapiceras Segunda Logo 100u,2,3500,7000,0,7000,1,PlataformaWeb,No,7
2510,606348,Manuela de los angeles,Pessoa,Otros,"Viedma, Argentina",5,Banner A,4,5000,20000,"0,1",18000,9,OmarPerez,No,9
2511,327082,Juan Alfredo,Ferreira,Total Transporte Group SA,"La Plata, Argentina",2,Lapiceras Primera Logo 100u,4,4800,19200,"0,1",17280,2,AntonellaBenavidez,No,6
2512,392378,Sofia ariana,Papandreu,Mensajeria Caminos Totales,"Cordoba, Argentina",1,Lapiceras Primera Logo 50u,5,2500,12500,"0,1",11250,6,IsabelJuarez,No,5
2513,581444,Lucero,Aracena Frassa,Retiro en Planta,"La Plata, Argentina",6,Banner B,4,7500,30000,"0,1",27000,4,EstebanFilloy,No,7
2514,499954,Federico Nicolas,Olivello,Mensajeria Caminos Totales,"Viedma, Argentina",11,Ordenador 10u,5,3500,17500,"0,1",15750,9,OmarPerez,No,8
2515,409900,Damaris,Sotelo,Retiro en Planta,"Mendoza, Argentina",7,Banner C,4,15000,60000,"0,1",54000,8,MiriamNuñes,No,6
2516,754037,Diego,Samaniego,Retiro en Planta,"Cordoba, Argentina",4,Lapiceras Segunda Logo 100u,2,3500,7000,0,7000,1,PlataformaWeb,No,8
2517,790716,Edith,Caballero,Otros,"Mendoza, Argentina",4,Lapiceras Segunda Logo 100u,4,3500,14000,"0,1",12600,8,MiriamNuñes,No,8
2518,353137,Rocío celeste,Mansilla,Retiro en Planta,"La Plata, Argentina",3,Lapiceras Segunda Logo 50u,5,2000,10000,"0,1",9000,4,EstebanFilloy,Si,2
2519,514901,Evelyn,Martinez,Correos Comerciales SA,"Viedma, Argentina",4,Lapiceras Segunda Logo 100u,2,3500,7000,0,7000,10,RominaSevilla,No,9
2520,754717,Natalia,Ruiz,Mensajeria Caminos Totales,"Mendoza, Argentina",5,Banner A,5,5000,25000,"0,1",22500,7,KarinaLugones,No,9
2521,510921,Jose,Maidana,Mensajeria Caminos Totales,"Mendoza, Argentina",1,Lapiceras Primera Logo 50u,4,2500,10000,"0,1",9000,8,MiriamNuñes,No,6
2522,426493,Ailén,Sanchez,Total Transporte Group SA,"La Plata, Argentina",10,Totem C,3,7500,22500,0,22500,1,PlataformaWeb,No,8
2523,441536,Yendrix,Buarque,Otros,"Viedma, Argentina",2,Lapiceras Primera Logo 100u,2,4800,9600,0,9600,10,RominaSevilla,No,10
2524,468946,Cintia Marina,Villan,Mensajeria Caminos Totales,"La Plata, Argentina",9,Totem B,1,4500,4500,0,4500,4,EstebanFilloy,No,10
2525,301960,Yoldine,Balanza Flores,Otros,"Cordoba, Argentina",11,Ordenador 10u,5,3500,17500,"0,1",15750,5,GuillerminaHidalgo,No,6
2526,384993,Analia Yamila,Aguirre,Mensajeria Caminos Totales,"La Plata, Argentina",3,Lapiceras Segunda Logo 50u,4,2000,8000,"0,1",7200,2,AntonellaBenavidez,No,10
2527,618719,Joaquín,laperrausaz,Otros,"Viedma, Argentina",11,Ordenador 10u,5,3500,17500,"0,1",15750,10,RominaSevilla,No,10
2528,709995,Fernando,Sanchez,Total Transporte Group SA,"Mendoza, Argentina",1,Lapiceras Primera Logo 50u,1,2500,2500,0,2500,7,KarinaLugones,No,10
2529,373122,Leandro ariel,Pérez García,Retiro en Planta,"La Plata, Argentina",6,Banner B,4,7500,30000,"0,1",27000,1,PlataformaWeb,No,8
2530,681404,Juan Ignacio,Olivera,Retiro en Planta,"Cordoba, Argentina",2,Lapiceras Primera Logo 100u,5,4800,24000,"0,1",21600,5,GuillerminaHidalgo,No,8
2531,650793,Fabiola,Takashi,Otros,"Mendoza, Argentina",2,Lapiceras Primera Logo 100u,2,4800,9600,0,9600,8,MiriamNuñes,No,8
2532,391124,Del Lujan Mayra,Cantini,Retiro en Planta,"Viedma, Argentina",3,Lapiceras Segunda Logo 50u,1,2000,2000,0,2000,9,OmarPerez,No,6
2533,420992,Lorena,Chiulli,Mensajeria Caminos Totales,"La Plata, Argentina",3,Lapiceras Segunda Logo 50u,4,2000,8000,"0,1",7200,4,EstebanFilloy,No,10
2534,475546,Natalia,Salas moreyra,Total Transporte Group SA,"Mendoza, Argentina",1,Lapiceras Primera Logo 50u,2,2500,5000,0,5000,7,KarinaLugones,No,8
2535,453296,Noemi,Seta,Total Transporte Group SA,"Cordoba, Argentina",11,Ordenador 10u,1,3500,3500,0,3500,5,GuillerminaHidalgo,No,8
2536,456694,Macarena,Colque,Total Transporte Group SA,"La Plata, Argentina",6,Banner B,1,7500,7500,0,7500,2,AntonellaBenavidez,Si,1
2537,727316,María Ailén,Roldan,Otros,"La Plata, Argentina",5,Banner A,3,5000,15000,0,15000,1,PlataformaWeb,No,8
2538,732050,Flerny,Chancalay,Mensajeria Caminos Totales,"La Plata, Argentina",3,Lapiceras Segunda Logo 50u,5,2000,10000,"0,1",9000,4,EstebanFilloy,No,7
2539,585072,tamara,Vignolo,Correos Comerciales SA,"Mendoza, Argentina",3,Lapiceras Segunda Logo 50u,1,2000,2000,0,2000,7,KarinaLugones,No,6
2540,547827,Franco Ismael,Porroz,Mensajeria Caminos Totales,"Mendoza, Argentina",1,Lapiceras Primera Logo 50u,2,2500,5000,0,5000,7,KarinaLugones,No,10
2541,419072,Heber,Villca callisaya,Total Transporte Group SA,"Cordoba, Argentina",11,Ordenador 10u,5,3500,17500,"0,1",15750,6,IsabelJuarez,No,7
2542,406925,Sofía,Granadillo,Otros,"Mendoza, Argentina",3,Lapiceras Segunda Logo 50u,5,2000,10000,"0,1",9000,7,KarinaLugones,No,9
2543,557079,Evelyn,EncinA,Retiro en Planta,"Mendoza, Argentina",2,Lapiceras Primera Logo 100u,3,4800,14400,0,14400,8,MiriamNuñes,No,6
2544,387849,Jennifer Elena,jallaza conde,Correos Comerciales SA,"Mendoza, Argentina",5,Banner A,5,5000,25000,"0,1",22500,7,KarinaLugones,No,5
2545,361532,Michel Julián,Williman,Total Transporte Group SA,"Cordoba, Argentina",3,Lapiceras Segunda Logo 50u,3,2000,6000,0,6000,5,GuillerminaHidalgo,No,9
2546,633818,Cristian Rimberto,Ochoa,Total Transporte Group SA,"Viedma, Argentina",8,Totem A,2,3000,6000,0,6000,10,RominaSevilla,No,9
2547,438712,Jennifer Daiana,Huaroc,Total Transporte Group SA,"Viedma, Argentina",2,Lapiceras Primera Logo 100u,1,4800,4800,0,4800,1,PlataformaWeb,No,6
2548,446521,Karen,Jaime,Total Transporte Group SA,"Viedma, Argentina",1,Lapiceras Primera Logo 50u,5,2500,12500,"0,1",11250,10,RominaSevilla,No,7
2549,605507,Leandro Marc,Arias,Mensajeria Caminos Totales,"Mendoza, Argentina",1,Lapiceras Primera Logo 50u,4,2500,10000,"0,1",9000,7,KarinaLugones,No,8
2550,681203,Talia jacqueline,Schust,Total Transporte Group SA,"Viedma, Argentina",4,Lapiceras Segunda Logo 100u,3,3500,10500,0,10500,10,RominaSevilla,No,5
2551,441626,Frederick,Reyna,Mensajeria Caminos Totales,"La Plata, Argentina",5,Banner A,2,5000,10000,0,10000,2,AntonellaBenavidez,Si,5
2552,613624,Karen,Delgado,Otros,"Cordoba, Argentina",1,Lapiceras Primera Logo 50u,4,2500,10000,"0,1",9000,5,GuillerminaHidalgo,No,5
2553,742534,Tamara abigail,Gonzalez,Total Transporte Group SA,"La Plata, Argentina",1,Lapiceras Primera Logo 50u,1,2500,2500,0,2500,4,EstebanFilloy,No,8
2554,771049,Ivana,Benchoan,Correos Comerciales SA,"Cordoba, Argentina",3,Lapiceras Segunda Logo 50u,5,2000,10000,"0,1",9000,5,GuillerminaHidalgo,No,9
2555,431510,Adriana,Zapata,Otros,"Cordoba, Argentina",5,Banner A,2,5000,10000,0,10000,5,GuillerminaHidalgo,No,10
2556,747337,Jacqueline Camila,Aguirre,Retiro en Planta,"Mendoza, Argentina",2,Lapiceras Primera Logo 100u,3,4800,14400,0,14400,7,KarinaLugones,No,6
2557,701102,Joana,Dominguez,Total Transporte Group SA,"Mendoza, Argentina",4,Lapiceras Segunda Logo 100u,2,3500,7000,0,7000,1,PlataformaWeb,No,5
2558,611682,Daiana soledad,Soto,Mensajeria Caminos Totales,"Cordoba, Argentina",4,Lapiceras Segunda Logo 100u,2,3500,7000,0,7000,6,IsabelJuarez,No,10
2559,745199,Tamara,Lafuente,Correos Comerciales SA,"Mendoza, Argentina",4,Lapiceras Segunda Logo 100u,2,3500,7000,0,7000,8,MiriamNuñes,No,9
2560,487738,Jacqueline Ayelen,Castillo,Retiro en Planta,"Mendoza, Argentina",6,Banner B,3,7500,22500,0,22500,7,KarinaLugones,No,5
2561,601220,Lourdes,González,Retiro en Planta,"La Plata, Argentina",1,Lapiceras Primera Logo 50u,1,2500,2500,0,2500,3,CarlaDiaz,No,6
2562,502562,Evangelina,Sánchez,Retiro en Planta,"La Plata, Argentina",2,Lapiceras Primera Logo 100u,4,4800,19200,"0,1",17280,2,AntonellaBenavidez,No,10
2563,693425,Florencia Belén,Bellini,Total Transporte Group SA,"Mendoza, Argentina",4,Lapiceras Segunda Logo 100u,4,3500,14000,"0,1",12600,7,KarinaLugones,No,9
2564,572782,Daiana,Gutierrez,Otros,"Viedma, Argentina",4,Lapiceras Segunda Logo 100u,2,3500,7000,0,7000,9,OmarPerez,No,10
2565,304072,Pedro Nahuel,Ferrari,Mensajeria Caminos Totales,"Mendoza, Argentina",3,Lapiceras Segunda Logo 50u,3,2000,6000,0,6000,1,PlataformaWeb,No,10
2566,543039,Sabrina,Cruz,Otros,"Viedma, Argentina",12,Ordenador 30u,1,10000,10000,0,10000,10,RominaSevilla,No,7
2567,435601,Camila,Rodríguez Sosa,Retiro en Planta,"La Plata, Argentina",6,Banner B,2,7500,15000,0,15000,3,CarlaDiaz,No,9
2568,787847,Evelin,Silva,Mensajeria Caminos Totales,"La Plata, Argentina",11,Ordenador 10u,4,3500,14000,"0,1",12600,3,CarlaDiaz,No,10
2569,630362,Rocio,O'Donnell,Mensajeria Caminos Totales,"Mendoza, Argentina",8,Totem A,5,3000,15000,"0,1",13500,7,KarinaLugones,No,8
2570,687751,Federico,Bagnarelli,Retiro en Planta,"Viedma, Argentina",10,Totem C,4,7500,30000,"0,1",27000,10,RominaSevilla,No,6
2571,735879,Maria Nazarena,quintans,Retiro en Planta,"La Plata, Argentina",2,Lapiceras Primera Logo 100u,5,4800,24000,"0,1",21600,2,AntonellaBenavidez,No,8
2572,503246,Andrea,taborda,Mensajeria Caminos Totales,"Mendoza, Argentina",8,Totem A,1,3000,3000,0,3000,7,KarinaLugones,No,7
2573,381185,Barbara,Spiazzi,Total Transporte Group SA,"La Plata, Argentina",4,Lapiceras Segunda Logo 100u,5,3500,17500,"0,1",15750,4,EstebanFilloy,No,10
2574,372880,Evelin,Borja,Total Transporte Group SA,"Cordoba, Argentina",5,Banner A,5,5000,25000,"0,1",22500,1,PlataformaWeb,No,9
2575,502429,Mariana,Ferraro,Retiro en Planta,"Mendoza, Argentina",12,Ordenador 30u,4,10000,40000,"0,1",36000,8,MiriamNuñes,No,8
2576,570289,Daniela,Avalos,Correos Comerciales SA,"Mendoza, Argentina",7,Banner C,5,15000,75000,"0,1",67500,7,KarinaLugones,No,10
2577,458494,Cynthia,Rolon,Correos Comerciales SA,"La Plata, Argentina",3,Lapiceras Segunda Logo 50u,5,2000,10000,"0,1",9000,3,CarlaDiaz,No,8
2578,415412,Melany,Salazar,Retiro en Planta,"La Plata, Argentina",12,Ordenador 30u,4,10000,40000,"0,1",36000,3,CarlaDiaz,No,9
2579,610148,Omar Daniel,Cejas,Correos Comerciales SA,"Cordoba, Argentina",4,Lapiceras Segunda Logo 100u,3,3500,10500,0,10500,6,IsabelJuarez,Si,4
2580,773493,Veronica,Manojlovic,Mensajeria Caminos Totales,"La Plata, Argentina",11,Ordenador 10u,5,3500,17500,"0,1",15750,2,AntonellaBenavidez,No,5
2581,367618,Pamela,Ortiz,Retiro en Planta,"Cordoba, Argentina",2,Lapiceras Primera Logo 100u,4,4800,19200,"0,1",17280,6,IsabelJuarez,No,7
2582,628673,Daniela,Gauto,Retiro en Planta,"La Plata, Argentina",2,Lapiceras Primera Logo 100u,5,4800,24000,"0,1",21600,2,AntonellaBenavidez,No,10
2583,615235,Fabián Ariel,Calabrese,Otros,"Mendoza, Argentina",1,Lapiceras Primera Logo 50u,4,2500,10000,"0,1",9000,8,MiriamNuñes,No,9
2584,363409,Aldana,Villalonga,Total Transporte Group SA,"Viedma, Argentina",1,Lapiceras Primera Logo 50u,1,2500,2500,0,2500,9,OmarPerez,No,7
2585,515746,Melany,Bengua Sisca,Correos Comerciales SA,"La Plata, Argentina",4,Lapiceras Segunda Logo 100u,4,3500,14000,"0,1",12600,3,CarlaDiaz,No,5
2586,773786,Verónica,Alonso,Retiro en Planta,"Viedma, Argentina",3,Lapiceras Segunda Logo 50u,5,2000,10000,"0,1",9000,1,PlataformaWeb,No,10
2587,575617,Soledad,Romero,Correos Comerciales SA,"Mendoza, Argentina",3,Lapiceras Segunda Logo 50u,2,2000,4000,0,4000,7,KarinaLugones,No,9
2588,346975,Cecilia,Ferreira Vera,Total Transporte Group SA,"Cordoba, Argentina",2,Lapiceras Primera Logo 100u,1,4800,4800,0,4800,5,GuillerminaHidalgo,No,5
2589,554151,sofia,Soto Rueda,Total Transporte Group SA,"Cordoba, Argentina",11,Ordenador 10u,4,3500,14000,"0,1",12600,1,PlataformaWeb,No,7
2590,708480,Cristian,Comelli,Otros,"La Plata, Argentina",4,Lapiceras Segunda Logo 100u,3,3500,10500,0,10500,1,PlataformaWeb,No,7
2591,521835,Priscila solange,Glaz,Correos Comerciales SA,"Mendoza, Argentina",2,Lapiceras Primera Logo 100u,1,4800,4800,0,4800,1,PlataformaWeb,No,7
2592,667910,Tamara,Pedemonte,Total Transporte Group SA,"Mendoza, Argentina",3,Lapiceras Segunda Logo 50u,5,2000,10000,"0,1",9000,8,MiriamNuñes,No,10
2593,740883,Camila lucia,lima,Retiro en Planta,"Viedma, Argentina",10,Totem C,4,7500,30000,"0,1",27000,9,OmarPerez,No,10
2594,542696,Christian Andres,Bessia,Mensajeria Caminos Totales,"Viedma, Argentina",2,Lapiceras Primera Logo 100u,2,4800,9600,0,9600,10,RominaSevilla,No,9
2595,379841,Haru,Alessandrini,Mensajeria Caminos Totales,"La Plata, Argentina",9,Totem B,5,4500,22500,"0,1",20250,4,EstebanFilloy,No,8
2596,785444,María Agustina,Caballero,Retiro en Planta,"La Plata, Argentina",4,Lapiceras Segunda Logo 100u,2,3500,7000,0,7000,1,PlataformaWeb,Si,5
2597,690976,Ariana,Scotti,Mensajeria Caminos Totales,"Mendoza, Argentina",1,Lapiceras Primera Logo 50u,3,2500,7500,0,7500,8,MiriamNuñes,No,6
2598,451467,Carlos,Canoura,Mensajeria Caminos Totales,"Cordoba, Argentina",2,Lapiceras Primera Logo 100u,4,4800,19200,"0,1",17280,6,IsabelJuarez,No,5
2599,440133,Lourdes yanina,Baes,Otros,"Cordoba, Argentina",4,Lapiceras Segunda Logo 100u,1,3500,3500,0,3500,6,IsabelJuarez,No,5
2600,712980,Evelyn,Bouquet,Otros,"Mendoza, Argentina",3,Lapiceras Segunda Logo 50u,2,2000,4000,0,4000,8,MiriamNuñes,No,5
2601,709420,Lester,Menon,Otros,"Cordoba, Argentina",4,Lapiceras Segunda Logo 100u,3,3500,10500,0,10500,6,IsabelJuarez,No,6
2602,392093,Giselle,Saldias,Total Transporte Group SA,"Cordoba, Argentina",4,Lapiceras Segunda Logo 100u,2,3500,7000,0,7000,6,IsabelJuarez,No,6
2603,644480,Maria Milagros,Hernandez,Total Transporte Group SA,"Viedma, Argentina",10,Totem C,4,7500,30000,"0,1",27000,9,OmarPerez,No,9
2604,541207,Brenda,Carbajal,Retiro en Planta,"Viedma, Argentina",6,Banner B,1,7500,7500,0,7500,1,PlataformaWeb,No,7
2605,668165,Kylie,Choque,Mensajeria Caminos Totales,"Cordoba, Argentina",12,Ordenador 30u,3,10000,30000,0,30000,5,GuillerminaHidalgo,No,5
2606,579671,Ariel nicolas,Vallejos,Retiro en Planta,"Cordoba, Argentina",2,Lapiceras Primera Logo 100u,3,4800,14400,0,14400,6,IsabelJuarez,No,10
2607,442404,Renata,Tacuri,Correos Comerciales SA,"La Plata, Argentina",1,Lapiceras Primera Logo 50u,5,2500,12500,"0,1",11250,3,CarlaDiaz,No,5
2608,361695,Mirna,Rivera,Total Transporte Group SA,"La Plata, Argentina",1,Lapiceras Primera Logo 50u,3,2500,7500,0,7500,4,EstebanFilloy,No,9
2609,770719,Silvia,Gorski,Mensajeria Caminos Totales,"Cordoba, Argentina",5,Banner A,1,5000,5000,0,5000,6,IsabelJuarez,No,8
2610,637261,Gustave,Piris,Retiro en Planta,"Cordoba, Argentina",5,Banner A,4,5000,20000,"0,1",18000,5,GuillerminaHidalgo,Si,3
2611,616828,Ayelen Marisa,Guevara,Correos Comerciales SA,"La Plata, Argentina",2,Lapiceras Primera Logo 100u,2,4800,9600,0,9600,3,CarlaDiaz,No,6
2612,513887,Jeanette,Vargas alvarez,Mensajeria Caminos Totales,"La Plata, Argentina",12,Ordenador 30u,4,10000,40000,"0,1",36000,1,PlataformaWeb,No,8
2613,576859,Daniela,Ibarra,Otros,"Cordoba, Argentina",4,Lapiceras Segunda Logo 100u,5,3500,17500,"0,1",15750,6,IsabelJuarez,No,8
2614,320577,luciana,Barrios,Total Transporte Group SA,"Viedma, Argentina",8,Totem A,5,3000,15000,"0,1",13500,9,OmarPerez,No,5
2615,648582,Ruth Fabiola,Alegre,Otros,"Cordoba, Argentina",10,Totem C,5,7500,37500,"0,1",33750,6,IsabelJuarez,No,7
2616,701459,Brenda,Catulo Montes,Correos Comerciales SA,"Mendoza, Argentina",2,Lapiceras Primera Logo 100u,1,4800,4800,0,4800,8,MiriamNuñes,No,6
2617,617331,Julieta,Leturia,Retiro en Planta,"Mendoza, Argentina",3,Lapiceras Segunda Logo 50u,2,2000,4000,0,4000,7,KarinaLugones,No,6
2618,516644,Margot,Fornasari,Correos Comerciales SA,"Viedma, Argentina",4,Lapiceras Segunda Logo 100u,5,3500,17500,"0,1",15750,10,RominaSevilla,No,10
2619,786787,Bruno,Passion,Otros,"Cordoba, Argentina",3,Lapiceras Segunda Logo 50u,3,2000,6000,0,6000,5,GuillerminaHidalgo,No,7
2620,737974,Maria,Ortis,Otros,"Cordoba, Argentina",12,Ordenador 30u,3,10000,30000,0,30000,1,PlataformaWeb,No,10
2621,642152,Esteban,Alonso,Total Transporte Group SA,"Cordoba, Argentina",7,Banner C,5,15000,75000,"0,1",67500,5,GuillerminaHidalgo,No,5
2622,633004,Mirian,Catarino,Retiro en Planta,"La Plata, Argentina",5,Banner A,1,5000,5000,0,5000,2,AntonellaBenavidez,No,7
2623,716450,Elizabeth,Gomez,Otros,"Cordoba, Argentina",12,Ordenador 30u,5,10000,50000,"0,1",45000,5,GuillerminaHidalgo,No,10
2624,603760,Daniel Ricardo,Bustamante,Mensajeria Caminos Totales,"Viedma, Argentina",12,Ordenador 30u,3,10000,30000,0,30000,10,RominaSevilla,No,5
2625,729093,Roberto Adrian,Perez,Otros,"La Plata, Argentina",3,Lapiceras Segunda Logo 50u,4,2000,8000,"0,1",7200,2,AntonellaBenavidez,No,5
2626,662284,Mercedes Agustina,Díaz,Total Transporte Group SA,"Cordoba, Argentina",11,Ordenador 10u,2,3500,7000,0,7000,5,GuillerminaHidalgo,No,10
2627,687832,Sabrina,Carabetta,Total Transporte Group SA,"Viedma, Argentina",1,Lapiceras Primera Logo 50u,1,2500,2500,0,2500,10,RominaSevilla,No,8
2628,652506,Daiana,Barrozo,Correos Comerciales SA,"Mendoza, Argentina",10,Totem C,5,7500,37500,"0,1",33750,1,PlataformaWeb,No,9
2629,565331,Olivia,cieza,Retiro en Planta,"Viedma, Argentina",8,Totem A,2,3000,6000,0,6000,9,OmarPerez,No,6
2630,517454,Tamara,Barroso,Mensajeria Caminos Totales,"Cordoba, Argentina",1,Lapiceras Primera Logo 50u,5,2500,12500,"0,1",11250,6,IsabelJuarez,No,7
2631,362692,Verónica,Zapata,Retiro en Planta,"Mendoza, Argentina",3,Lapiceras Segunda Logo 50u,5,2000,10000,"0,1",9000,8,MiriamNuñes,No,9
2632,749424,Rocío,López,Otros,"Mendoza, Argentina",12,Ordenador 30u,2,10000,20000,0,20000,7,KarinaLugones,No,7
2633,505080,Noelia,Bascope,Otros,"Viedma, Argentina",7,Banner C,5,15000,75000,"0,1",67500,1,PlataformaWeb,No,10
2634,385978,Maria,Cabral,Correos Comerciales SA,"Viedma, Argentina",12,Ordenador 30u,3,10000,30000,0,30000,9,OmarPerez,No,6
2635,770308,Nohely,Marczuk,Otros,"Mendoza, Argentina",6,Banner B,2,7500,15000,0,15000,7,KarinaLugones,Si,5
2636,655312,Walter Gabriel,Ugarte,Otros,"La Plata, Argentina",2,Lapiceras Primera Logo 100u,5,4800,24000,"0,1",21600,4,EstebanFilloy,No,5
2637,552756,Luciana Yamila,Baracat,Correos Comerciales SA,"La Plata, Argentina",7,Banner C,2,15000,30000,0,30000,3,CarlaDiaz,No,8
2638,790601,Teresa,Aguirre,Otros,"Cordoba, Argentina",11,Ordenador 10u,3,3500,10500,0,10500,5,GuillerminaHidalgo,No,10
2639,526303,Florencia,Reverte,Correos Comerciales SA,"La Plata, Argentina",4,Lapiceras Segunda Logo 100u,1,3500,3500,0,3500,1,PlataformaWeb,No,7
2640,691384,Milena Fernanda,Rocha Nazer,Mensajeria Caminos Totales,"Mendoza, Argentina",1,Lapiceras Primera Logo 50u,1,2500,2500,0,2500,7,KarinaLugones,No,9
2641,772815,Ana,Lerena,Retiro en Planta,"Viedma, Argentina",11,Ordenador 10u,5,3500,17500,"0,1",15750,10,RominaSevilla,No,7
2642,765230,Ailín,Nahuelquir,Mensajeria Caminos Totales,"Viedma, Argentina",4,Lapiceras Segunda Logo 100u,4,3500,14000,"0,1",12600,10,RominaSevilla,No,6
2643,434702,Alan Daniel,Rodriguez,Mensajeria Caminos Totales,"Mendoza, Argentina",9,Totem B,4,4500,18000,"0,1",16200,8,MiriamNuñes,No,5
2644,604053,David,Bianco,Otros,"La Plata, Argentina",4,Lapiceras Segunda Logo 100u,3,3500,10500,0,10500,3,CarlaDiaz,No,8
2645,606180,Gilda,Barbosa,Total Transporte Group SA,"Cordoba, Argentina",3,Lapiceras Segunda Logo 50u,5,2000,10000,"0,1",9000,6,IsabelJuarez,No,10
2646,501371,Paola,Perez,Correos Comerciales SA,"Cordoba, Argentina",10,Totem C,4,7500,30000,"0,1",27000,1,PlataformaWeb,No,7
2647,726868,Daiana,Ramírez,Mensajeria Caminos Totales,"Cordoba, Argentina",1,Lapiceras Primera Logo 50u,2,2500,5000,0,5000,5,GuillerminaHidalgo,No,8
2648,704025,Alejandro Fabian,González,Retiro en Planta,"La Plata, Argentina",6,Banner B,5,7500,37500,"0,1",33750,4,EstebanFilloy,No,10
2649,652784,Sara Cayetana,Rey,Mensajeria Caminos Totales,"La Plata, Argentina",4,Lapiceras Segunda Logo 100u,1,3500,3500,0,3500,2,AntonellaBenavidez,No,7
2650,574619,Melina Jeanette,Salvatierra,Correos Comerciales SA,"Cordoba, Argentina",2,Lapiceras Primera Logo 100u,1,4800,4800,0,4800,5,GuillerminaHidalgo,No,10
2651,614108,Araceli,Delgado,Otros,"Cordoba, Argentina",8,Totem A,4,3000,12000,"0,1",10800,1,PlataformaWeb,No,6
2652,736607,Angelica,Caparros,Otros,"Cordoba, Argentina",4,Lapiceras Segunda Logo 100u,2,3500,7000,0,7000,5,GuillerminaHidalgo,No,6
2653,661664,Brenda natalia,choque,Correos Comerciales SA,"Viedma, Argentina",7,Banner C,3,15000,45000,0,45000,10,RominaSevilla,Si,5
2654,307873,Silvia Carolina,Cespedes,Total Transporte Group SA,"La Plata, Argentina",2,Lapiceras Primera Logo 100u,5,4800,24000,"0,1",21600,3,CarlaDiaz,No,10
2655,721857,Guido Gastón,Ramírez Villanueva,Total Transporte Group SA,"Mendoza, Argentina",1,Lapiceras Primera Logo 50u,3,2500,7500,0,7500,8,MiriamNuñes,No,7
2656,654293,Celeste,Palavecino,Otros,"La Plata, Argentina",5,Banner A,3,5000,15000,0,15000,2,AntonellaBenavidez,No,10
2657,304628,Rocio,bellorin,Correos Comerciales SA,"La Plata, Argentina",2,Lapiceras Primera Logo 100u,3,4800,14400,0,14400,1,PlataformaWeb,No,10
2658,412060,Laura Daniela,Encina,Correos Comerciales SA,"Cordoba, Argentina",2,Lapiceras Primera Logo 100u,3,4800,14400,0,14400,5,GuillerminaHidalgo,No,10
2659,624829,Rocío Elena,Morato,Otros,"Mendoza, Argentina",2,Lapiceras Primera Logo 100u,4,4800,19200,"0,1",17280,7,KarinaLugones,No,7
2660,429589,Nicolas Dario,Giurich,Retiro en Planta,"Mendoza, Argentina",2,Lapiceras Primera Logo 100u,3,4800,14400,0,14400,8,MiriamNuñes,No,9
2661,566417,Erika,Servidio,Total Transporte Group SA,"Cordoba, Argentina",1,Lapiceras Primera Logo 50u,5,2500,12500,"0,1",11250,5,GuillerminaHidalgo,No,7
2662,473002,Lucia,Arvallo,Total Transporte Group SA,"Viedma, Argentina",1,Lapiceras Primera Logo 50u,5,2500,12500,"0,1",11250,1,PlataformaWeb,No,9
2663,561245,Cristian David,Wolber,Total Transporte Group SA,"Viedma, Argentina",6,Banner B,4,7500,30000,"0,1",27000,10,RominaSevilla,No,9
2664,418613,Maria Ayelen,Silva Moreno,Correos Comerciales SA,"Mendoza, Argentina",12,Ordenador 30u,4,10000,40000,"0,1",36000,8,MiriamNuñes,No,5
2665,725411,Ludmila,González Valenzuela,Mensajeria Caminos Totales,"Cordoba, Argentina",7,Banner C,4,15000,60000,"0,1",54000,5,GuillerminaHidalgo,No,10
2666,466466,Luciano,Londinsky,Otros,"Mendoza, Argentina",1,Lapiceras Primera Logo 50u,1,2500,2500,0,2500,7,KarinaLugones,No,7
2667,650986,Yanina,Novoa,Retiro en Planta,"Mendoza, Argentina",6,Banner B,4,7500,30000,"0,1",27000,8,MiriamNuñes,No,7
2668,472057,Maricel,Vargas,Mensajeria Caminos Totales,"La Plata, Argentina",1,Lapiceras Primera Logo 50u,4,2500,10000,"0,1",9000,1,PlataformaWeb,No,8
2669,531922,Vanessa Zuleny,Bacic,Mensajeria Caminos Totales,"Mendoza, Argentina",10,Totem C,3,7500,22500,0,22500,8,MiriamNuñes,No,9
2670,376756,Avelardo Sergio,Aguilera,Mensajeria Caminos Totales,"Viedma, Argentina",3,Lapiceras Segunda Logo 50u,5,2000,10000,"0,1",9000,9,OmarPerez,No,10
2671,410667,Angela Belen,Lujan,Retiro en Planta,"Mendoza, Argentina",8,Totem A,2,3000,6000,0,6000,7,KarinaLugones,No,6
2672,388931,Marysol,Kim,Mensajeria Caminos Totales,"Mendoza, Argentina",10,Totem C,5,7500,37500,"0,1",33750,1,PlataformaWeb,No,5
2673,515265,Yanina Belén,Villacorta,Retiro en Planta,"Mendoza, Argentina",1,Lapiceras Primera Logo 50u,4,2500,10000,"0,1",9000,8,MiriamNuñes,No,8
2674,738075,Johanna Anahi,Nuñez Rodriguez,Correos Comerciales SA,"Cordoba, Argentina",3,Lapiceras Segunda Logo 50u,1,2000,2000,0,2000,5,GuillerminaHidalgo,No,7
2675,427144,Erika,Rembado,Retiro en Planta,"Mendoza, Argentina",8,Totem A,5,3000,15000,"0,1",13500,7,KarinaLugones,No,8
2676,770693,Pablo ezequiel,Diaz,Mensajeria Caminos Totales,"La Plata, Argentina",2,Lapiceras Primera Logo 100u,3,4800,14400,0,14400,4,EstebanFilloy,Si,5
2677,323495,Alberto,Batalla,Correos Comerciales SA,"Viedma, Argentina",1,Lapiceras Primera Logo 50u,4,2500,10000,"0,1",9000,1,PlataformaWeb,No,10
2678,722648,Kelivan Javier,Pierre Hassam,Retiro en Planta,"Viedma, Argentina",12,Ordenador 30u,1,10000,10000,0,10000,10,RominaSevilla,No,7
2679,602643,Florencia,Bonvissuto,Otros,"La Plata, Argentina",5,Banner A,2,5000,10000,0,10000,2,AntonellaBenavidez,No,8
2680,622300,Tamara Aldana,Martinez,Total Transporte Group SA,"Viedma, Argentina",8,Totem A,1,3000,3000,0,3000,10,RominaSevilla,No,7
2681,703018,Romina elisabet,Limachi Zabala,Mensajeria Caminos Totales,"Mendoza, Argentina",1,Lapiceras Primera Logo 50u,2,2500,5000,0,5000,8,MiriamNuñes,No,10
2682,677890,Hirelis,Juarez Miranda,Retiro en Planta,"Mendoza, Argentina",1,Lapiceras Primera Logo 50u,1,2500,2500,0,2500,8,MiriamNuñes,No,5
2683,550029,Andrea Yanina,Gimenez,Mensajeria Caminos Totales,"Mendoza, Argentina",3,Lapiceras Segunda Logo 50u,4,2000,8000,"0,1",7200,8,MiriamNuñes,No,5
2684,491340,Valeria Lucila,Sarazú,Correos Comerciales SA,"Mendoza, Argentina",4,Lapiceras Segunda Logo 100u,5,3500,17500,"0,1",15750,1,PlataformaWeb,No,9
2685,484578,Romina,Ramirez,Otros,"Cordoba, Argentina",2,Lapiceras Primera Logo 100u,1,4800,4800,0,4800,5,GuillerminaHidalgo,No,6
2686,793112,Diego,Molina,Mensajeria Caminos Totales,"Cordoba, Argentina",4,Lapiceras Segunda Logo 100u,4,3500,14000,"0,1",12600,5,GuillerminaHidalgo,No,5
2687,741063,Nadia Corina Claribel,García Guajardo,Otros,"Mendoza, Argentina",6,Banner B,1,7500,7500,0,7500,8,MiriamNuñes,No,5
2688,497092,Darío Sebastian,Gonzales,Retiro en Planta,"Mendoza, Argentina",1,Lapiceras Primera Logo 50u,4,2500,10000,"0,1",9000,7,KarinaLugones,No,9
2689,534946,Miguel Alexis,Ordoñez,Retiro en Planta,"La Plata, Argentina",12,Ordenador 30u,4,10000,40000,"0,1",36000,3,CarlaDiaz,No,7
2690,587123,Veronica,Perez,Correos Comerciales SA,"Viedma, Argentina",3,Lapiceras Segunda Logo 50u,1,2000,2000,0,2000,1,PlataformaWeb,No,8
2691,419205,Anahi Andrea,Dorado quisbert,Mensajeria Caminos Totales,"Cordoba, Argentina",3,Lapiceras Segunda Logo 50u,1,2000,2000,0,2000,5,GuillerminaHidalgo,No,10
2692,474954,Gianfranco,Ramírez,Mensajeria Caminos Totales,"Mendoza, Argentina",2,Lapiceras Primera Logo 100u,4,4800,19200,"0,1",17280,8,MiriamNuñes,No,7
2693,736845,Daiana soledad,Petruccelli,Correos Comerciales SA,"Cordoba, Argentina",9,Totem B,4,4500,18000,"0,1",16200,6,IsabelJuarez,No,8
2694,629307,Valeria,Serrate,Otros,"Viedma, Argentina",1,Lapiceras Primera Logo 50u,5,2500,12500,"0,1",11250,10,RominaSevilla,No,10
2695,568478,Mariela elizabet,Martinez,Correos Comerciales SA,"Viedma, Argentina",1,Lapiceras Primera Logo 50u,3,2500,7500,0,7500,10,RominaSevilla,No,8
2696,523945,Andrea emilse,Mejia,Mensajeria Caminos Totales,"Cordoba, Argentina",9,Totem B,1,4500,4500,0,4500,1,PlataformaWeb,No,8
2697,555861,Alicia,Bustos Maset,Otros,"La Plata, Argentina",4,Lapiceras Segunda Logo 100u,4,3500,14000,"0,1",12600,3,CarlaDiaz,No,9
2698,458938,Maria del Pilar,Nassar,Otros,"Viedma, Argentina",12,Ordenador 30u,4,10000,40000,"0,1",36000,9,OmarPerez,No,5
2699,526763,Francisco Manuel,Diarte Cardozo,Correos Comerciales SA,"Mendoza, Argentina",3,Lapiceras Segunda Logo 50u,5,2000,10000,"0,1",9000,8,MiriamNuñes,Si,6
2700,437134,Sebastián,Spena,Otros,"La Plata, Argentina",3,Lapiceras Segunda Logo 50u,4,2000,8000,"0,1",7200,4,EstebanFilloy,No,7
2701,707699,Cindy Romina,Cervera,Mensajeria Caminos Totales,"La Plata, Argentina",3,Lapiceras Segunda Logo 50u,4,2000,8000,"0,1",7200,1,PlataformaWeb,No,9
2702,404147,Lorena Analia,Gimeno,Otros,"Viedma, Argentina",12,Ordenador 30u,4,10000,40000,"0,1",36000,9,OmarPerez,No,7
2703,535613,Yolandha,Morales,Mensajeria Caminos Totales,"Viedma, Argentina",5,Banner A,4,5000,20000,"0,1",18000,9,OmarPerez,No,7
2704,784445,Julieta,Panelo,Total Transporte Group SA,"Mendoza, Argentina",2,Lapiceras Primera Logo 100u,4,4800,19200,"0,1",17280,7,KarinaLugones,No,5
2705,713662,Micaela,Gaiarin,Correos Comerciales SA,"Cordoba, Argentina",1,Lapiceras Primera Logo 50u,2,2500,5000,0,5000,5,GuillerminaHidalgo,No,7
2706,341138,Viviana,Alvarez,Retiro en Planta,"Cordoba, Argentina",3,Lapiceras Segunda Logo 50u,5,2000,10000,"0,1",9000,6,IsabelJuarez,No,5
2707,478649,Victoria,Acosta,Mensajeria Caminos Totales,"Viedma, Argentina",4,Lapiceras Segunda Logo 100u,4,3500,14000,"0,1",12600,1,PlataformaWeb,No,8
2708,772183,Ze Carlos Rajib,Vicente,Otros,"Cordoba, Argentina",11,Ordenador 10u,1,3500,3500,0,3500,5,GuillerminaHidalgo,No,5
2709,753702,Araceli,Cuevas,Total Transporte Group SA,"Viedma, Argentina",1,Lapiceras Primera Logo 50u,4,2500,10000,"0,1",9000,10,RominaSevilla,No,6
2710,663408,Liz Virginia,Costa,Mensajeria Caminos Totales,"Cordoba, Argentina",2,Lapiceras Primera Logo 100u,2,4800,9600,0,9600,6,IsabelJuarez,No,10
2711,627578,Melissa Judith,Ovejero,Correos Comerciales SA,"Cordoba, Argentina",2,Lapiceras Primera Logo 100u,1,4800,4800,0,4800,1,PlataformaWeb,No,7
2712,686348,Natalia Leonor,Tineo,Mensajeria Caminos Totales,"Viedma, Argentina",10,Totem C,1,7500,7500,0,7500,9,OmarPerez,No,10
2713,677484,Evelin,Mondaca,Retiro en Planta,"Cordoba, Argentina",1,Lapiceras Primera Logo 50u,1,2500,2500,0,2500,5,GuillerminaHidalgo,No,9
2714,561448,Eugenia Soledad,Mongelos,Otros,"Viedma, Argentina",11,Ordenador 10u,3,3500,10500,0,10500,10,RominaSevilla,No,5
2715,362476,Yamila,Gomez,Retiro en Planta,"Mendoza, Argentina",1,Lapiceras Primera Logo 50u,1,2500,2500,0,2500,7,KarinaLugones,No,8
2716,533691,Elizabeth Estefanía,Gasperoni Kitmang,Mensajeria Caminos Totales,"La Plata, Argentina",8,Totem A,3,3000,9000,0,9000,1,PlataformaWeb,No,7
2717,525979,Mirenka,Figueredo,Total Transporte Group SA,"La Plata, Argentina",11,Ordenador 10u,1,3500,3500,0,3500,3,CarlaDiaz,No,8
2718,519119,Mayerly,Hernandez,Total Transporte Group SA,"Cordoba, Argentina",3,Lapiceras Segunda Logo 50u,5,2000,10000,"0,1",9000,5,GuillerminaHidalgo,No,6
2719,608117,Francisco,Ledezma,Otros,"Mendoza, Argentina",9,Totem B,2,4500,9000,0,9000,7,KarinaLugones,No,10
2720,778291,Emely,Mysliwczuk,Mensajeria Caminos Totales,"La Plata, Argentina",3,Lapiceras Segunda Logo 50u,2,2000,4000,0,4000,2,AntonellaBenavidez,No,10
2721,601445,Maritza,Maria,Correos Comerciales SA,"La Plata, Argentina",2,Lapiceras Primera Logo 100u,4,4800,19200,"0,1",17280,1,PlataformaWeb,Si,3
2722,479341,Rocio Elizabeth,Llevacovich,Retiro en Planta,"Cordoba, Argentina",10,Totem C,2,7500,15000,0,15000,6,IsabelJuarez,No,8
2723,402351,Pablo Sebastián,Naviliat castro,Total Transporte Group SA,"La Plata, Argentina",3,Lapiceras Segunda Logo 50u,5,2000,10000,"0,1",9000,3,CarlaDiaz,No,5
2724,745333,Marcela Giselle,Pricola,Retiro en Planta,"Viedma, Argentina",2,Lapiceras Primera Logo 100u,2,4800,9600,0,9600,10,RominaSevilla,No,8
2725,430100,Carla Luciana,Bora,Retiro en Planta,"Viedma, Argentina",6,Banner B,1,7500,7500,0,7500,10,RominaSevilla,No,7
2726,354276,Diego Sebastian,Neglia,Total Transporte Group SA,"Mendoza, Argentina",2,Lapiceras Primera Logo 100u,3,4800,14400,0,14400,1,PlataformaWeb,No,6
2727,324280,Natalia,Barcelo,Otros,"Viedma, Argentina",8,Totem A,1,3000,3000,0,3000,10,RominaSevilla,No,6
2728,505343,Estefania Ivonne,Barrios,Mensajeria Caminos Totales,"Mendoza, Argentina",4,Lapiceras Segunda Logo 100u,4,3500,14000,"0,1",12600,7,KarinaLugones,No,5
2729,754270,Matias emanuel,Costanzo,Retiro en Planta,"Viedma, Argentina",10,Totem C,1,7500,7500,0,7500,9,OmarPerez,No,8
2730,527154,Elizabeth,Salas,Retiro en Planta,"Viedma, Argentina",1,Lapiceras Primera Logo 50u,1,2500,2500,0,2500,10,RominaSevilla,No,7
2731,385323,Gerardo Maximiliano,Rizzi,Correos Comerciales SA,"Cordoba, Argentina",1,Lapiceras Primera Logo 50u,5,2500,12500,"0,1",11250,6,IsabelJuarez,No,6
2732,730125,Jazmin,guzman,Retiro en Planta,"Cordoba, Argentina",11,Ordenador 10u,4,3500,14000,"0,1",12600,1,PlataformaWeb,No,7
2733,304491,Tatiana macarena,Ledesma,Correos Comerciales SA,"Viedma, Argentina",5,Banner A,2,5000,10000,0,10000,10,RominaSevilla,No,7
2734,412113,Nancy,Vaianella,Correos Comerciales SA,"La Plata, Argentina",1,Lapiceras Primera Logo 50u,3,2500,7500,0,7500,2,AntonellaBenavidez,No,8
2735,313616,María laura,Pantano,Retiro en Planta,"Mendoza, Argentina",11,Ordenador 10u,4,3500,14000,"0,1",12600,8,MiriamNuñes,No,5
2736,409661,Natalia Belén,Berrospi,Correos Comerciales SA,"La Plata, Argentina",2,Lapiceras Primera Logo 100u,3,4800,14400,0,14400,4,EstebanFilloy,No,10
2737,396279,Andrea,Vique,Mensajeria Caminos Totales,"Mendoza, Argentina",3,Lapiceras Segunda Logo 50u,2,2000,4000,0,4000,1,PlataformaWeb,No,8
2738,692147,Barbara,Sarmiento,Correos Comerciales SA,"Mendoza, Argentina",6,Banner B,4,7500,30000,"0,1",27000,7,KarinaLugones,No,5
2739,708006,Daniel,Beltrán,Retiro en Planta,"Cordoba, Argentina",4,Lapiceras Segunda Logo 100u,2,3500,7000,0,7000,5,GuillerminaHidalgo,No,6
2740,352500,giuliana,Vazquez,Retiro en Planta,"Mendoza, Argentina",1,Lapiceras Primera Logo 50u,2,2500,5000,0,5000,8,MiriamNuñes,Si,2
2741,475156,Agustina,Almagro,Retiro en Planta,"Viedma, Argentina",2,Lapiceras Primera Logo 100u,1,4800,4800,0,4800,10,RominaSevilla,No,10
2742,497096,Daiana,Barbona,Mensajeria Caminos Totales,"Cordoba, Argentina",8,Totem A,4,3000,12000,"0,1",10800,5,GuillerminaHidalgo,No,5
2743,551786,Ursula Giselda,Ramirez,Otros,"Mendoza, Argentina",2,Lapiceras Primera Logo 100u,4,4800,19200,"0,1",17280,1,PlataformaWeb,No,6
2744,672172,Agustina elena,Gonzalez,Total Transporte Group SA,"La Plata, Argentina",7,Banner C,2,15000,30000,0,30000,3,CarlaDiaz,No,7
2745,473523,Macarena,challiol,Total Transporte Group SA,"Cordoba, Argentina",11,Ordenador 10u,5,3500,17500,"0,1",15750,5,GuillerminaHidalgo,No,5
2746,684260,Eliana,Laveihle,Retiro en Planta,"La Plata, Argentina",2,Lapiceras Primera Logo 100u,2,4800,9600,0,9600,2,AntonellaBenavidez,No,7
2747,495515,Antonia johana,Salvadó,Mensajeria Caminos Totales,"Cordoba, Argentina",2,Lapiceras Primera Logo 100u,1,4800,4800,0,4800,6,IsabelJuarez,No,7
2748,366533,Jonatan,Fernandez,Total Transporte Group SA,"Mendoza, Argentina",1,Lapiceras Primera Logo 50u,1,2500,2500,0,2500,1,PlataformaWeb,No,10
2749,764267,Agustín,Jaimot,Mensajeria Caminos Totales,"Mendoza, Argentina",12,Ordenador 30u,1,10000,10000,0,10000,8,MiriamNuñes,No,7
2750,549906,María celeste,Li,Mensajeria Caminos Totales,"La Plata, Argentina",10,Totem C,1,7500,7500,0,7500,4,EstebanFilloy,No,6
2751,660982,Fernando,gasparro,Mensajeria Caminos Totales,"La Plata, Argentina",2,Lapiceras Primera Logo 100u,2,4800,9600,0,9600,3,CarlaDiaz,No,10
2752,391264,Sabrina,Brizuela,Otros,"La Plata, Argentina",7,Banner C,3,15000,45000,0,45000,2,AntonellaBenavidez,No,9
2753,572622,Sharon,Papuzinski,Correos Comerciales SA,"La Plata, Argentina",3,Lapiceras Segunda Logo 50u,2,2000,4000,0,4000,1,PlataformaWeb,No,6
2754,595357,Andrea Johana,Elnecavé,Otros,"Viedma, Argentina",9,Totem B,5,4500,22500,"0,1",20250,10,RominaSevilla,No,9
2755,328776,Rodrigo,Salazar,Otros,"Viedma, Argentina",2,Lapiceras Primera Logo 100u,3,4800,14400,0,14400,10,RominaSevilla,No,8
2756,767464,Jorge,Mamani condori,Correos Comerciales SA,"La Plata, Argentina",3,Lapiceras Segunda Logo 50u,1,2000,2000,0,2000,4,EstebanFilloy,No,10
2757,657218,Jorge Luis,Santos,Correos Comerciales SA,"Viedma, Argentina",7,Banner C,1,15000,15000,0,15000,10,RominaSevilla,No,6
2758,627593,Marcos,Vega,Correos Comerciales SA,"Cordoba, Argentina",5,Banner A,3,5000,15000,0,15000,5,GuillerminaHidalgo,No,9
2759,307927,Andrea,Torres,Otros,"Mendoza, Argentina",1,Lapiceras Primera Logo 50u,2,2500,5000,0,5000,8,MiriamNuñes,No,10
2760,781807,Lourdes,Zepita,Otros,"Viedma, Argentina",4,Lapiceras Segunda Logo 100u,4,3500,14000,"0,1",12600,1,PlataformaWeb,Si,3
2761,790675,Yamila Lorna,Martínez,Mensajeria Caminos Totales,"Mendoza, Argentina",12,Ordenador 30u,5,10000,50000,"0,1",45000,7,KarinaLugones,No,9
2762,541449,Tania,Garcia,Total Transporte Group SA,"Viedma, Argentina",6,Banner B,2,7500,15000,0,15000,9,OmarPerez,No,9
2763,434020,Cielo Angelina Daiana,Fernández,Total Transporte Group SA,"Mendoza, Argentina",2,Lapiceras Primera Logo 100u,3,4800,14400,0,14400,1,PlataformaWeb,No,9
2764,560170,More,Diaz,Total Transporte Group SA,"Viedma, Argentina",11,Ordenador 10u,3,3500,10500,0,10500,10,RominaSevilla,No,10
2765,678683,Jenifer,Casbarian,Otros,"La Plata, Argentina",1,Lapiceras Primera Logo 50u,1,2500,2500,0,2500,2,AntonellaBenavidez,No,7
2766,507056,Vanesa,Ramos,Correos Comerciales SA,"Mendoza, Argentina",5,Banner A,1,5000,5000,0,5000,8,MiriamNuñes,No,5
2767,379070,Meiby,Gauna,Otros,"Cordoba, Argentina",1,Lapiceras Primera Logo 50u,5,2500,12500,"0,1",11250,5,GuillerminaHidalgo,No,7
2768,596142,Gabriela,Segundo,Retiro en Planta,"Viedma, Argentina",2,Lapiceras Primera Logo 100u,5,4800,24000,"0,1",21600,1,PlataformaWeb,Si,3
2769,402524,Edgardo,Reyes,Retiro en Planta,"Cordoba, Argentina",3,Lapiceras Segunda Logo 50u,3,2000,6000,0,6000,6,IsabelJuarez,No,7
2770,527362,Gabriela,Murillo,Otros,"Viedma, Argentina",2,Lapiceras Primera Logo 100u,3,4800,14400,0,14400,9,OmarPerez,No,9
2771,707170,Stephanie,Funessi,Total Transporte Group SA,"Viedma, Argentina",12,Ordenador 30u,5,10000,50000,"0,1",45000,10,RominaSevilla,No,8
2772,670525,María Florencia,Ceballos,Correos Comerciales SA,"Cordoba, Argentina",9,Totem B,5,4500,22500,"0,1",20250,6,IsabelJuarez,No,5
2773,357151,Andrea Belén,Mamani,Otros,"La Plata, Argentina",11,Ordenador 10u,2,3500,7000,0,7000,3,CarlaDiaz,No,6
2774,771191,Carmina Vanesa,Morandini,Correos Comerciales SA,"Viedma, Argentina",2,Lapiceras Primera Logo 100u,4,4800,19200,"0,1",17280,1,PlataformaWeb,No,10
2775,773400,Ayelen,Diaz,Retiro en Planta,"Cordoba, Argentina",2,Lapiceras Primera Logo 100u,4,4800,19200,"0,1",17280,6,IsabelJuarez,No,7
2776,449225,Marialejandra,Albornoz,Total Transporte Group SA,"Cordoba, Argentina",1,Lapiceras Primera Logo 50u,2,2500,5000,0,5000,6,IsabelJuarez,No,6
2777,627479,Emilia,De Lillo,Correos Comerciales SA,"La Plata, Argentina",2,Lapiceras Primera Logo 100u,4,4800,19200,"0,1",17280,4,EstebanFilloy,No,10
2778,346120,Natalia,Aguilar,Correos Comerciales SA,"La Plata, Argentina",10,Totem C,3,7500,22500,0,22500,2,AntonellaBenavidez,Si,3
2779,782820,Dominique Noeli,Soto,Correos Comerciales SA,"Viedma, Argentina",1,Lapiceras Primera Logo 50u,2,2500,5000,0,5000,10,RominaSevilla,No,8
2780,730435,Pina Llaquilina,Martínez,Total Transporte Group SA,"Cordoba, Argentina",10,Totem C,5,7500,37500,"0,1",33750,1,PlataformaWeb,No,6
2781,466060,Deinalis,Cahuachi,Mensajeria Caminos Totales,"Viedma, Argentina",12,Ordenador 30u,1,10000,10000,0,10000,10,RominaSevilla,No,10
2782,590014,Karen,Canovas,Mensajeria Caminos Totales,"La Plata, Argentina",5,Banner A,1,5000,5000,0,5000,3,CarlaDiaz,No,6
2783,528955,Carolina,Herrera,Total Transporte Group SA,"Viedma, Argentina",12,Ordenador 30u,4,10000,40000,"0,1",36000,10,RominaSevilla,No,10
2784,734677,Ornella,Escalante,Retiro en Planta,"Cordoba, Argentina",1,Lapiceras Primera Logo 50u,4,2500,10000,"0,1",9000,6,IsabelJuarez,No,5
2785,682978,Silvia,Guevara,Mensajeria Caminos Totales,"Cordoba, Argentina",2,Lapiceras Primera Logo 100u,4,4800,19200,"0,1",17280,5,GuillerminaHidalgo,No,5
2786,738175,Muriel,Grunauer,Retiro en Planta,"La Plata, Argentina",8,Totem A,2,3000,6000,0,6000,3,CarlaDiaz,No,5
2787,396567,Carlos,Quispe,Otros,"Cordoba, Argentina",9,Totem B,2,4500,9000,0,9000,6,IsabelJuarez,No,9
2788,379300,Manuel Alejandro,Campos,Retiro en Planta,"Mendoza, Argentina",11,Ordenador 10u,1,3500,3500,0,3500,7,KarinaLugones,No,6
2789,413598,Antonella,Melgarejo,Total Transporte Group SA,"La Plata, Argentina",12,Ordenador 30u,4,10000,40000,"0,1",36000,2,AntonellaBenavidez,No,5
2790,600066,Corina,Sosa,Total Transporte Group SA,"Cordoba, Argentina",10,Totem C,3,7500,22500,0,22500,1,PlataformaWeb,No,10
2791,394549,Noema,Mamani,Mensajeria Caminos Totales,"Viedma, Argentina",9,Totem B,2,4500,9000,0,9000,9,OmarPerez,No,10
2792,613170,Luisina mabel,Markovic,Otros,"La Plata, Argentina",12,Ordenador 30u,3,10000,30000,0,30000,4,EstebanFilloy,No,6
2793,720975,Tomas,Bellorin,Mensajeria Caminos Totales,"Cordoba, Argentina",12,Ordenador 30u,4,10000,40000,"0,1",36000,6,IsabelJuarez,No,7
2794,518224,Cintia,Rozas,Otros,"Mendoza, Argentina",1,Lapiceras Primera Logo 50u,4,2500,10000,"0,1",9000,7,KarinaLugones,No,7
2795,677557,Graciela Analía,Barrera,Total Transporte Group SA,"Viedma, Argentina",4,Lapiceras Segunda Logo 100u,1,3500,3500,0,3500,9,OmarPerez,No,8
2796,700440,Lissett Vanesa,Correa,Retiro en Planta,"Viedma, Argentina",5,Banner A,4,5000,20000,"0,1",18000,10,RominaSevilla,Si,1
2797,561633,Ana Laura,Mora,Otros,"La Plata, Argentina",10,Totem C,2,7500,15000,0,15000,3,CarlaDiaz,No,5
2798,409735,Milka Noemi,Huancaz,Retiro en Planta,"La Plata, Argentina",1,Lapiceras Primera Logo 50u,3,2500,7500,0,7500,4,EstebanFilloy,No,5
2799,745595,Sergio Eduardo,Hermosilla,Mensajeria Caminos Totales,"Viedma, Argentina",1,Lapiceras Primera Logo 50u,1,2500,2500,0,2500,9,OmarPerez,No,7
2800,412466,Dalma,Erika,Total Transporte Group SA,"La Plata, Argentina",10,Totem C,5,7500,37500,"0,1",33750,4,EstebanFilloy,No,10
2801,350927,Florencia,Moya,Otros,"Cordoba, Argentina",3,Lapiceras Segunda Logo 50u,3,2000,6000,0,6000,5,GuillerminaHidalgo,No,6
2802,456829,Maria Antonella,Daivez,Total Transporte Group SA,"Mendoza, Argentina",4,Lapiceras Segunda Logo 100u,5,3500,17500,"0,1",15750,1,PlataformaWeb,No,5
2803,380952,Brenda,López,Correos Comerciales SA,"Cordoba, Argentina",12,Ordenador 30u,1,10000,10000,0,10000,5,GuillerminaHidalgo,No,9